Ana Souza;ana.souza1@empresa.com.br
Bruno Lima;bruno.lima2@empresa.com.br
Carla Mendes;carla.mendes3@empresa.com.br
Diego Alves;diego.alves4@empresa.com.br
Eduarda Rocha;eduarda.rocha5@empresa.com.br
Felipe Martins;felipe.martins6@empresa.com.br
Gabriela Costa;gabriela.costa7@empresa.com.br
Henrique Ribeiro;henrique.ribeiro8@empresa.com.br
Isabela Fernandes;isabela.fernandes9@empresa.com.br
João Carvalho;joao.carvalho10@empresa.com.br
Juliana Gomes;juliana.gomes11@empresa.com.br
Lucas Barbosa;lucas.barbosa12@empresa.com.br
Mariana Teixeira;mariana.teixeira13@empresa.com.br
Nicolas Freitas;nicolas.freitas14@empresa.com.br
Olivia Azevedo;olivia.azevedo15@empresa.com.br
Paulo Batista;paulo.batista16@empresa.com.br
Renata Nogueira;renata.nogueira17@empresa.com.br
Rafael Duarte;rafael.duarte18@empresa.com.br
Sofia Moreira;sofia.moreira19@empresa.com.br
Tiago Pinto;tiago.pinto20@empresa.com.br
Vanessa Cardoso;vanessa.cardoso21@empresa.com.br
William Farias;william.farias22@empresa.com.br
Yasmin Pacheco;yasmin.pacheco23@empresa.com.br
André Torres;andre.torres24@empresa.com.br
Beatriz Melo;beatriz.melo25@empresa.com.br
Caio Peixoto;caio.peixoto26@empresa.com.br
Daniela Cunha;daniela.cunha27@empresa.com.br
Enzo Moraes;enzo.moraes28@empresa.com.br
Fernanda Brito;fernanda.brito29@empresa.com.br
Gustavo Tavares;gustavo.tavares30@empresa.com.br
Helena Aguiar;helena.aguiar31@empresa.com.br
Igor Rezende;igor.rezende32@empresa.com.br
Jéssica Viana;jessica.viana33@empresa.com.br
Kleber Sampaio;kleber.sampaio34@empresa.com.br
Larissa Queiroz;larissa.queiroz35@empresa.com.br
Matheus Coelho;matheus.coelho36@empresa.com.br
Natália Braga;natalia.braga37@empresa.com.br
Otávio Campos;otavio.campos38@empresa.com.br
Priscila Dantas;priscila.dantas39@empresa.com.br
Rodrigo Lacerda;rodrigo.lacerda40@empresa.com.br
Simone Vieira;simone.vieira41@empresa.com.br
Talita Guedes;talita.guedes42@empresa.com.br
Ubirajara Sales;ubirajara.sales43@empresa.com.br
Vitória Falcão;vitoria.falcao44@empresa.com.br
Wesley Neves;wesley.neves45@empresa.com.br
Zuleica Fonseca;zuleica.fonseca46@empresa.com.br
Alan Moura;alan.moura47@empresa.com.br
Bianca Leal;bianca.leal48@empresa.com.br
César Amaral;cesar.amaral49@empresa.com.br
Débora Rangel;debora.rangel50@empresa.com.br
Eduardo Lins;eduardo.lins51@empresa.com.br
Fábio Corrêa;fabio.correa52@empresa.com.br
Giovana Matos;giovana.matos53@empresa.com.br
Hugo Pires;hugo.pires54@empresa.com.br
Ingrid Barros;ingrid.barros55@empresa.com.br
Jonas Macedo;jonas.macedo56@empresa.com.br
Karen Teles;karen.teles57@empresa.com.br
Leandro Bittencourt;leandro.bittencourt58@empresa.com.br
Mirela Antunes;mirela.antunes59@empresa.com.br
Natan Figueiredo;natan.figueiredo60@empresa.com.br
Orlando Paiva;orlando.paiva61@empresa.com.br
Patrícia Linhares;patricia.linhares62@empresa.com.br
Ricardo Portela;ricardo.portela63@empresa.com.br
Sandra Goulart;sandra.goulart64@empresa.com.br
Túlio Rezende;tulio.rezende65@empresa.com.br
Valéria Pinho;valeria.pinho66@empresa.com.br
Wallace Afonso;wallace.afonso67@empresa.com.br
Yuri Galvão;yuri.galvao68@empresa.com.br
Zenaide Couto;zenaide.couto69@empresa.com.br
Aline Fraga;aline.fraga70@empresa.com.br
Brenda Lobo;brenda.lobo71@empresa.com.br
Cláudio Furtado;claudio.furtado72@empresa.com.br
Davi Aragão;davi.aragao73@empresa.com.br
Elaine Cabral;elaine.cabral74@empresa.com.br
Flávio Monteiro;flavio.monteiro75@empresa.com.br
Gisele Prado;gisele.prado76@empresa.com.br
Heitor Quevedo;heitor.quevedo77@empresa.com.br
Iara Negrão;iara.negrao78@empresa.com.br
Joana Salgado;joana.salgado79@empresa.com.br
Kátia Resende;katia.resende80@empresa.com.br
Luan Nascimento;luan.nascimento81@empresa.com.br
Marcela Ventura;marcela.ventura82@empresa.com.br
Noel Santana;noel.santana83@empresa.com.br
Osvaldo Rezende;osvaldo.rezende84@empresa.com.br
Paula Cordeiro;paula.cordeiro85@empresa.com.br
Raul Mendonça;raul.mendonca86@empresa.com.br
Selma Cavalcante;selma.cavalcante87@empresa.com.br
Tereza Siqueira;tereza.siqueira88@empresa.com.br
Vitor Barcellos;vitor.barcellos89@empresa.com.br
Wagner Silveira;wagner.silveira90@empresa.com.br
Yohana Abreu;yohana.abreu91@empresa.com.br
Zeca Monteiro;zeca.monteiro92@empresa.com.br
Adriana Tostes;adriana.tostes93@empresa.com.br
Bernardo Gusmão;bernardo.gusmao94@empresa.com.br
Cristina Lessa;cristina.lessa95@empresa.com.br
Douglas Faria;douglas.faria96@empresa.com.br
Erica Penha;erica.penha97@empresa.com.br
Filipe Fogaça;filipe.fogaca98@empresa.com.br
Graziella Fons;graziella.fons99@empresa.com.br
Hélio Brandão;helio.brandao100@empresa.com.br
Ivo Diniz;ivo.diniz101@empresa.com.br
Janaina Cabette;janaina.cabette102@empresa.com.br
Kaio Barreto;kaio.barreto103@empresa.com.br
Letícia Moraes;leticia.moraes104@empresa.com.br
Murilo Serafim;murilo.serafim105@empresa.com.br
Nádia Caldas;nadia.caldas106@empresa.com.br
Otto Ribeiro;otto.ribeiro107@empresa.com.br
Pâmela Nunes;pamela.nunes108@empresa.com.br
Rogério Bicalho;rogerio.bicalho109@empresa.com.br
Sabrina Leite;sabrina.leite110@empresa.com.br
Thiago Brandalise;thiago.brandalise111@empresa.com.br
Ursula Meireles;ursula.meireles112@empresa.com.br
Vera Rios;vera.rios113@empresa.com.br
Wellington Cruz;wellington.cruz114@empresa.com.br
Yasmin Sales;yasmin.sales115@empresa.com.br
Zilda Ramos;zilda.ramos116@empresa.com.br
Alberto Cury;alberto.cury117@empresa.com.br
Bruna Rezende;bruna.rezende118@empresa.com.br
Carlos Sette;carlos.sette119@empresa.com.br
Denise Guimarães;denise.guimaraes120@empresa.com.br
Evandro Meira;evandro.meira121@empresa.com.br
Fabiana Bessa;fabiana.bessa122@empresa.com.br
Gilberto Assis;gilberto.assis123@empresa.com.br
Hilda Teodoro;hilda.teodoro124@empresa.com.br
Ivan Correia;ivan.correia125@empresa.com.br
Joice Trindade;joice.trindade126@empresa.com.br
Kleiton Moraes;kleiton.moraes127@empresa.com.br
Lívia Chaves;livia.chaves128@empresa.com.br
Márcio Tenório;marcio.tenorio129@empresa.com.br
Nilo Avelar;nilo.avelar130@empresa.com.br
Ornella Bittar;ornella.bittar131@empresa.com.br
Pietro Gama;pietro.gama132@empresa.com.br
Rita Dourado;rita.dourado133@empresa.com.br
Saulo Prates;saulo.prates134@empresa.com.br
Tainá Borges;taina.borges135@empresa.com.br
Ulisses Freire;ulisses.freire136@empresa.com.br
Valdinei Cunha;valdinei.cunha137@empresa.com.br
Wanda Lira;wanda.lira138@empresa.com.br
Ygor Lemos;ygor.lemos139@empresa.com.br
Zoraide Neri;zoraide.neri140@empresa.com.br
Afonso Cândido;afonso.candido141@empresa.com.br
Bárbara Quezada;barbara.quezada142@empresa.com.br
Ciro Nascimento;ciro.nascimento143@empresa.com.br
Dalila Freire;dalila.freire144@empresa.com.br
Emanoel Barros;emanoel.barros145@empresa.com.br
Flora Bastos;flora.bastos146@empresa.com.br
Genaro Vidal;genaro.vidal147@empresa.com.br
Humberto Lins;humberto.lins148@empresa.com.br
Iasmim Guerra;iasmim.guerra149@empresa.com.br
Jorge Góis;jorge.gois150@empresa.com.br
Kelly Andrade;kelly.andrade151@empresa.com.br
Leonardo Pontes;leonardo.pontes152@empresa.com.br
Mônica Cerqueira;monica.cerqueira153@empresa.com.br
Norberto Furtado;norberto.furtado154@empresa.com.br
Olga Paredes;olga.paredes155@empresa.com.br
Pedro Fialho;pedro.fialho156@empresa.com.br
Quitéria Lemos;quiteria.lemos157@empresa.com.br
Raimundo Cezar;raimundo.cezar158@empresa.com.br
Silvio Queiroga;silvio.queiroga159@empresa.com.br
Tássia Nobre;tassia.nobre160@empresa.com.br
Ueliton Braga;ueliton.braga161@empresa.com.br
Vânia Mota;vania.mota162@empresa.com.br
Weslley Dourado;weslley.dourado163@empresa.com.br
Yara Peçanha;yara.pecanha164@empresa.com.br
Zaqueu Rocha;zaqueu.rocha165@empresa.com.br
Ariane Tavares;ariane.tavares166@empresa.com.br
Breno Cunha;breno.cunha167@empresa.com.br
Cintia Maciel;cintia.maciel168@empresa.com.br
Darlan Borges;darlan.borges169@empresa.com.br
Evelyn Peixoto;evelyn.peixoto170@empresa.com.br
Fabrício Teles;fabricio.teles171@empresa.com.br
Geovana Pacheco;geovana.pacheco172@empresa.com.br
Hugo Lacerda;hugo.lacerda173@empresa.com.br
Ítalo Campos;italo.campos174@empresa.com.br
Jandira Prado;jandira.prado175@empresa.com.br
Kelvin Batista;kelvin.batista176@empresa.com.br
Lourdes Pimenta;lourdes.pimenta177@empresa.com.br
Maicon Duarte;maicon.duarte178@empresa.com.br
Nayara Freitas;nayara.freitas179@empresa.com.br
Osmar Lemos;osmar.lemos180@empresa.com.br
Pablo Azevedo;pablo.azevedo181@empresa.com.br
Rafaela Pires;rafaela.pires182@empresa.com.br
Sandro Teles;sandro.teles183@empresa.com.br
Tamires Nogueira;tamires.nogueira184@empresa.com.br
Ugo Farias;ugo.farias185@empresa.com.br
Vinícius Matos;vinicius.matos186@empresa.com.br
Waldir Seixas;waldir.seixas187@empresa.com.br
Yuri Antunes;yuri.antunes188@empresa.com.br
Zilda Coelho;zilda.coelho189@empresa.com.br
Ayla Sampaio;ayla.sampaio190@empresa.com.br
Bruno Queiroz;bruno.queiroz191@empresa.com.br
Camila Tostes;camila.tostes192@empresa.com.br
Dênis Rocha;denis.rocha193@empresa.com.br
Elisa Fagundes;elisa.fagundes194@empresa.com.br
Félix Arruda;felix.arruda195@empresa.com.br
Giovanna Cunha;giovanna.cunha196@empresa.com.br
Heraldo Pinho;heraldo.pinho197@empresa.com.br
Iris Duarte;iris.duarte198@empresa.com.br
Joilson Meireles;joilson.meireles199@empresa.com.br
Karla Brito;karla.brito200@empresa.com.br